input,value,unit,status,source,published,tier,note
hershey_share,0.45,share of US chocolate dollars,confirmed,"Hershey 2023 Investor Day, 8-K Ex. 99.1 (IRI, calendar 2022)",2023-03-22,1,
margin_2024,0.433,adjusted gross margin,confirmed,"Hershey Q4 2024 results, 8-K Ex. 99.1",2025-02-06,1,
net_sales_2024_m,11202.3,$ millions,confirmed,"Hershey Q4 2024 results, 8-K Ex. 99.1",2025-02-06,1,
margin_2025,0.372,adjusted gross margin,confirmed,"Hershey Q4 2025 results, 8-K Ex. 99.1",2026-02-05,1,after the decision; used only to measure the locked cost and to check the model
price_2025,0.06,net price realization (rounded),confirmed,"Hershey Q4 2025 results, 8-K Ex. 99.1",2026-02-05,1,after the decision; used only to measure the locked cost
locked_cost,0.66568,share of 2024 price,derived,1.06 x (1 - 0.372),,,the cost Hershey's rolling 3-24 month hedges delivered in 2025; much but not all bought before the decision
sales_guide_2025,0.02,minimum net sales growth,confirmed,"Hershey Q4 2024 results, 8-K Ex. 99.1 (""at least 2%"")",2025-02-06,1,
margin_guide_2025,-0.070,adjusted gross margin change (weaker end),reported,"Hershey Q4 2024 prepared remarks (""approximately 650-700 basis points""), third-party transcript; restated in Hershey's Q1 2025 remarks",2025-02-06,4,
volume_promise_2025,-0.005,volume change,reading,"Hershey Q4 2024 prepared remarks (""slightly down""); -0.5% is Owen Cosans's reading",2025-02-06,4,
goal_m,4147.8,$ millions gross profit,derived,11202.3 x 1.02 x (0.433 - 0.070),,,
hershey_move,0.065,price change,confirmed,"Q2 2024 earnings call, Michele Buck: ""about 6 to 7 points of net price realization"" (Hershey transcript, PublicNow repost)",2024-08-01,2,default for the page's Hershey input
mars_move,0.105,price change,reported,"RBC Capital Markets channel checks via Investing.com: Mars chocolate 10-11%, whole line, December 2024",2024-10-02,5,midpoint; default for the page's Mars input
category_elasticity,-0.5,per unit of shelf price change,best estimate,"Circana 2023 US chocolate via NCA State of Treating, reported by FoodNavigator: dollars +5.8%, units -5.4%",2024-04-25,5,range -0.3 to -0.8
switching,1.25,logit coefficient on log price gap,best estimate,"Fitted to Hershey's FY2023 and Q1 2024 volume (fit_switching.py); no published study",,,"low confidence; range 0.5 to 3.0"
actual_volume_2025,-0.01,volume/mix (rounded to the whole point),confirmed,"Hershey Q4 2025 results, 8-K Ex. 99.1",2026-02-05,1,check only
actual_gross_profit_2025_m,4349.6,$ millions,derived,11692.6 x 0.372 (Hershey Q4 2025 results),2026-02-05,,check only
